Campaña,Grupo de anuncios,Palabra clave,Tipo de concordancia,URL final
Búsqueda - Leonela TT - Valledupar,01 | Floristería Valledupar (Genérico + Cerca de Mí),floristeria valledupar,Frase,https://floristeriavalledupar.dondeseria.com/landing-pages/floreria-cerca-de-mi-valledupar.html
Búsqueda - Leonela TT - Valledupar,01 | Floristería Valledupar (Genérico + Cerca de Mí),floristerias en valledupar,Frase,https://floristeriavalledupar.dondeseria.com/landing-pages/floreria-cerca-de-mi-valledupar.html
Búsqueda - Leonela TT - Valledupar,01 | Floristería Valledupar (Genérico + Cerca de Mí),floristeria en valledupar,Frase,https://floristeriavalledupar.dondeseria.com/landing-pages/floreria-cerca-de-mi-valledupar.html
Búsqueda - Leonela TT - Valledupar,01 | Floristería Valledupar (Genérico + Cerca de Mí),floreria valledupar,Frase,https://floristeriavalledupar.dondeseria.com/landing-pages/floreria-cerca-de-mi-valledupar.html
Búsqueda - Leonela TT - Valledupar,01 | Floristería Valledupar (Genérico + Cerca de Mí),flores valledupar,Frase,https://floristeriavalledupar.dondeseria.com/landing-pages/floreria-cerca-de-mi-valledupar.html
Búsqueda - Leonela TT - Valledupar,01 | Floristería Valledupar (Genérico + Cerca de Mí),flores en valledupar,Frase,https://floristeriavalledupar.dondeseria.com/landing-pages/floreria-cerca-de-mi-valledupar.html
Búsqueda - Leonela TT - Valledupar,01 | Floristería Valledupar (Genérico + Cerca de Mí),[floristeria valledupar],Exacta,https://floristeriavalledupar.dondeseria.com/landing-pages/floreria-cerca-de-mi-valledupar.html
Búsqueda - Leonela TT - Valledupar,01 | Floristería Valledupar (Genérico + Cerca de Mí),[floristerias valledupar],Exacta,https://floristeriavalledupar.dondeseria.com/landing-pages/floreria-cerca-de-mi-valledupar.html
Búsqueda - Leonela TT - Valledupar,01 | Floristería Valledupar (Genérico + Cerca de Mí),[floristeria cerca de mi],Exacta,https://floristeriavalledupar.dondeseria.com/landing-pages/floreria-cerca-de-mi-valledupar.html
Búsqueda - Leonela TT - Valledupar,01 | Floristería Valledupar (Genérico + Cerca de Mí),floristeria cerca de mi,Frase,https://floristeriavalledupar.dondeseria.com/landing-pages/floreria-cerca-de-mi-valledupar.html
Búsqueda - Leonela TT - Valledupar,01 | Floristería Valledupar (Genérico + Cerca de Mí),floristeria cerca de mi ubicacion,Frase,https://floristeriavalledupar.dondeseria.com/landing-pages/floreria-cerca-de-mi-valledupar.html
Búsqueda - Leonela TT - Valledupar,01 | Floristería Valledupar (Genérico + Cerca de Mí),floristerias cercanas,Frase,https://floristeriavalledupar.dondeseria.com/landing-pages/floreria-cerca-de-mi-valledupar.html
Búsqueda - Leonela TT - Valledupar,01 | Floristería Valledupar (Genérico + Cerca de Mí),floristeria la paz,Frase,https://floristeriavalledupar.dondeseria.com/landing-pages/floreria-cerca-de-mi-valledupar.html
Búsqueda - Leonela TT - Valledupar,01 | Floristería Valledupar (Genérico + Cerca de Mí),floristerias en la paz,Frase,https://floristeriavalledupar.dondeseria.com/landing-pages/floreria-cerca-de-mi-valledupar.html
Búsqueda - Leonela TT - Valledupar,01 | Floristería Valledupar (Genérico + Cerca de Mí),flores la paz,Frase,https://floristeriavalledupar.dondeseria.com/landing-pages/floreria-cerca-de-mi-valledupar.html
Búsqueda - Leonela TT - Valledupar,01 | Floristería Valledupar (Genérico + Cerca de Mí),floristeria valledupar centro,Frase,https://floristeriavalledupar.dondeseria.com/landing-pages/floreria-cerca-de-mi-valledupar.html
Búsqueda - Leonela TT - Valledupar,01 | Floristería Valledupar (Genérico + Cerca de Mí),floristeria cuba valledupar,Frase,https://floristeriavalledupar.dondeseria.com/landing-pages/floreria-cerca-de-mi-valledupar.html
Búsqueda - Leonela TT - Valledupar,01 | Floristería Valledupar (Genérico + Cerca de Mí),floristeria la paz,Frase,https://floristeriavalledupar.dondeseria.com/landing-pages/floreria-cerca-de-mi-valledupar.html
Búsqueda - Leonela TT - Valledupar,01 | Floristería Valledupar (Genérico + Cerca de Mí),floristeria santa rosa de cabal,Frase,https://floristeriavalledupar.dondeseria.com/landing-pages/floreria-cerca-de-mi-valledupar.html
Búsqueda - Leonela TT - Valledupar,01 | Floristería Valledupar (Genérico + Cerca de Mí),floristeria abierta hoy,Frase,https://floristeriavalledupar.dondeseria.com/landing-pages/floreria-cerca-de-mi-valledupar.html
Búsqueda - Leonela TT - Valledupar,01 | Floristería Valledupar (Genérico + Cerca de Mí),venta de flores en valledupar,Frase,https://floristeriavalledupar.dondeseria.com/landing-pages/floreria-cerca-de-mi-valledupar.html
Búsqueda - Leonela TT - Valledupar,01 | Floristería Valledupar (Genérico + Cerca de Mí),floristeria valledupar cesar,Frase,https://floristeriavalledupar.dondeseria.com/landing-pages/floreria-cerca-de-mi-valledupar.html
Búsqueda - Leonela TT - Valledupar,02 | Flores a Domicilio Valledupar,flores a domicilio valledupar,Frase,https://floristeriavalledupar.dondeseria.com/landing-pages/flores-a-domicilio-valledupar.html
Búsqueda - Leonela TT - Valledupar,02 | Flores a Domicilio Valledupar,flores valledupar a domicilio,Frase,https://floristeriavalledupar.dondeseria.com/landing-pages/flores-a-domicilio-valledupar.html
Búsqueda - Leonela TT - Valledupar,02 | Flores a Domicilio Valledupar,flores en valledupar a domicilio,Frase,https://floristeriavalledupar.dondeseria.com/landing-pages/flores-a-domicilio-valledupar.html
Búsqueda - Leonela TT - Valledupar,02 | Flores a Domicilio Valledupar,[flores a domicilio valledupar],Exacta,https://floristeriavalledupar.dondeseria.com/landing-pages/flores-a-domicilio-valledupar.html
Búsqueda - Leonela TT - Valledupar,02 | Flores a Domicilio Valledupar,[flores valledupar a domicilio],Exacta,https://floristeriavalledupar.dondeseria.com/landing-pages/flores-a-domicilio-valledupar.html
Búsqueda - Leonela TT - Valledupar,02 | Flores a Domicilio Valledupar,floristerias en valledupar a domicilio,Frase,https://floristeriavalledupar.dondeseria.com/landing-pages/flores-a-domicilio-valledupar.html
Búsqueda - Leonela TT - Valledupar,02 | Flores a Domicilio Valledupar,floristeria a domicilio,Frase,https://floristeriavalledupar.dondeseria.com/landing-pages/flores-a-domicilio-valledupar.html
Búsqueda - Leonela TT - Valledupar,02 | Flores a Domicilio Valledupar,envio de flores a domicilio,Frase,https://floristeriavalledupar.dondeseria.com/landing-pages/flores-a-domicilio-valledupar.html
Búsqueda - Leonela TT - Valledupar,02 | Flores a Domicilio Valledupar,enviar flores a domicilio,Frase,https://floristeriavalledupar.dondeseria.com/landing-pages/flores-a-domicilio-valledupar.html
Búsqueda - Leonela TT - Valledupar,02 | Flores a Domicilio Valledupar,flores domicilio valledupar,Frase,https://floristeriavalledupar.dondeseria.com/landing-pages/flores-a-domicilio-valledupar.html
Búsqueda - Leonela TT - Valledupar,02 | Flores a Domicilio Valledupar,arreglos florales a domicilio,Frase,https://floristeriavalledupar.dondeseria.com/landing-pages/flores-a-domicilio-valledupar.html
Búsqueda - Leonela TT - Valledupar,02 | Flores a Domicilio Valledupar,detalles a domicilio valledupar,Frase,https://floristeriavalledupar.dondeseria.com/landing-pages/flores-a-domicilio-valledupar.html
Búsqueda - Leonela TT - Valledupar,02 | Flores a Domicilio Valledupar,regalos a domicilio valledupar,Frase,https://floristeriavalledupar.dondeseria.com/landing-pages/flores-a-domicilio-valledupar.html
Búsqueda - Leonela TT - Valledupar,02 | Flores a Domicilio Valledupar,flores a domicilio la paz,Frase,https://floristeriavalledupar.dondeseria.com/landing-pages/flores-a-domicilio-valledupar.html
Búsqueda - Leonela TT - Valledupar,02 | Flores a Domicilio Valledupar,enviar rosas a domicilio,Frase,https://floristeriavalledupar.dondeseria.com/landing-pages/flores-a-domicilio-valledupar.html
Búsqueda - Leonela TT - Valledupar,02 | Flores a Domicilio Valledupar,flores y chocolates a domicilio,Frase,https://floristeriavalledupar.dondeseria.com/landing-pages/flores-a-domicilio-valledupar.html
Búsqueda - Leonela TT - Valledupar,03 | Ramos de Rosas,ramos de rosas,Frase,https://floristeriavalledupar.dondeseria.com/landing-pages/flores-rosas-valledupar.html
Búsqueda - Leonela TT - Valledupar,03 | Ramos de Rosas,ramo de rosas,Frase,https://floristeriavalledupar.dondeseria.com/landing-pages/flores-rosas-valledupar.html
Búsqueda - Leonela TT - Valledupar,03 | Ramos de Rosas,rosas valledupar,Frase,https://floristeriavalledupar.dondeseria.com/landing-pages/flores-rosas-valledupar.html
Búsqueda - Leonela TT - Valledupar,03 | Ramos de Rosas,rosas en valledupar,Frase,https://floristeriavalledupar.dondeseria.com/landing-pages/flores-rosas-valledupar.html
Búsqueda - Leonela TT - Valledupar,03 | Ramos de Rosas,[rosas valledupar],Exacta,https://floristeriavalledupar.dondeseria.com/landing-pages/flores-rosas-valledupar.html
Búsqueda - Leonela TT - Valledupar,03 | Ramos de Rosas,[ramo de rosas valledupar],Exacta,https://floristeriavalledupar.dondeseria.com/landing-pages/flores-rosas-valledupar.html
Búsqueda - Leonela TT - Valledupar,03 | Ramos de Rosas,bouquet de rosas,Frase,https://floristeriavalledupar.dondeseria.com/landing-pages/flores-rosas-valledupar.html
Búsqueda - Leonela TT - Valledupar,03 | Ramos de Rosas,caja de rosas,Frase,https://floristeriavalledupar.dondeseria.com/landing-pages/flores-rosas-valledupar.html
Búsqueda - Leonela TT - Valledupar,03 | Ramos de Rosas,ramo buchon de rosas,Frase,https://floristeriavalledupar.dondeseria.com/landing-pages/flores-rosas-valledupar.html
Búsqueda - Leonela TT - Valledupar,03 | Ramos de Rosas,ramo de rosas precio,Frase,https://floristeriavalledupar.dondeseria.com/landing-pages/flores-rosas-valledupar.html
Búsqueda - Leonela TT - Valledupar,03 | Ramos de Rosas,ramos de 100 rosas,Frase,https://floristeriavalledupar.dondeseria.com/landing-pages/flores-rosas-valledupar.html
Búsqueda - Leonela TT - Valledupar,03 | Ramos de Rosas,rosas eternas valledupar,Frase,https://floristeriavalledupar.dondeseria.com/landing-pages/flores-rosas-valledupar.html
Búsqueda - Leonela TT - Valledupar,03 | Ramos de Rosas,flores eternas valledupar,Frase,https://floristeriavalledupar.dondeseria.com/landing-pages/flores-rosas-valledupar.html
Búsqueda - Leonela TT - Valledupar,03 | Ramos de Rosas,rosas preservadas valledupar,Frase,https://floristeriavalledupar.dondeseria.com/landing-pages/flores-rosas-valledupar.html
Búsqueda - Leonela TT - Valledupar,03 | Ramos de Rosas,rosas rojas valledupar,Frase,https://floristeriavalledupar.dondeseria.com/landing-pages/flores-rosas-valledupar.html
Búsqueda - Leonela TT - Valledupar,03 | Ramos de Rosas,ramo de rosas con fresas y chocolate,Frase,https://floristeriavalledupar.dondeseria.com/landing-pages/flores-rosas-valledupar.html
Búsqueda - Leonela TT - Valledupar,04 | Flores para Cumpleaños,flores para cumpleaños,Frase,https://floristeriavalledupar.dondeseria.com/landing-pages/flores-para-cumpleanos-valledupar.html
Búsqueda - Leonela TT - Valledupar,04 | Flores para Cumpleaños,ramos de flores para cumpleaños,Frase,https://floristeriavalledupar.dondeseria.com/landing-pages/flores-para-cumpleanos-valledupar.html
Búsqueda - Leonela TT - Valledupar,04 | Flores para Cumpleaños,ramo de flores para cumpleaños,Frase,https://floristeriavalledupar.dondeseria.com/landing-pages/flores-para-cumpleanos-valledupar.html
Búsqueda - Leonela TT - Valledupar,04 | Flores para Cumpleaños,[flores para cumpleaños],Exacta,https://floristeriavalledupar.dondeseria.com/landing-pages/flores-para-cumpleanos-valledupar.html
Búsqueda - Leonela TT - Valledupar,04 | Flores para Cumpleaños,[ramo de flores para cumpleaños],Exacta,https://floristeriavalledupar.dondeseria.com/landing-pages/flores-para-cumpleanos-valledupar.html
Búsqueda - Leonela TT - Valledupar,04 | Flores para Cumpleaños,arreglo flores cumpleaños,Frase,https://floristeriavalledupar.dondeseria.com/landing-pages/flores-para-cumpleanos-valledupar.html
Búsqueda - Leonela TT - Valledupar,04 | Flores para Cumpleaños,arreglos florales para cumpleaños,Frase,https://floristeriavalledupar.dondeseria.com/landing-pages/flores-para-cumpleanos-valledupar.html
Búsqueda - Leonela TT - Valledupar,04 | Flores para Cumpleaños,flores de cumpleaños a domicilio,Frase,https://floristeriavalledupar.dondeseria.com/landing-pages/flores-para-cumpleanos-valledupar.html
Búsqueda - Leonela TT - Valledupar,04 | Flores para Cumpleaños,regalos cumpleaños valledupar,Frase,https://floristeriavalledupar.dondeseria.com/landing-pages/flores-para-cumpleanos-valledupar.html
Búsqueda - Leonela TT - Valledupar,04 | Flores para Cumpleaños,detalles para mujer,Frase,https://floristeriavalledupar.dondeseria.com/landing-pages/flores-para-cumpleanos-valledupar.html
Búsqueda - Leonela TT - Valledupar,04 | Flores para Cumpleaños,flores para mi novia,Frase,https://floristeriavalledupar.dondeseria.com/landing-pages/flores-para-cumpleanos-valledupar.html
Búsqueda - Leonela TT - Valledupar,04 | Flores para Cumpleaños,flores para regalar,Frase,https://floristeriavalledupar.dondeseria.com/landing-pages/flores-para-cumpleanos-valledupar.html
Búsqueda - Leonela TT - Valledupar,04 | Flores para Cumpleaños,ramos de flores para novia,Frase,https://floristeriavalledupar.dondeseria.com/landing-pages/flores-para-cumpleanos-valledupar.html
Búsqueda - Leonela TT - Valledupar,04 | Flores para Cumpleaños,regalos sorpresa valledupar,Frase,https://floristeriavalledupar.dondeseria.com/landing-pages/flores-para-cumpleanos-valledupar.html
Búsqueda - Leonela TT - Valledupar,04 | Flores para Cumpleaños,detalles valledupar,Frase,https://floristeriavalledupar.dondeseria.com/landing-pages/flores-para-cumpleanos-valledupar.html
Búsqueda - Leonela TT - Valledupar,05 | Ramos y Arreglos Florales (Elegantes),ramos de flores valledupar,Frase,https://floristeriavalledupar.dondeseria.com/landing-pages/ramos-flores-elegantes-valledupar.html
Búsqueda - Leonela TT - Valledupar,05 | Ramos y Arreglos Florales (Elegantes),ramo de flores valledupar,Frase,https://floristeriavalledupar.dondeseria.com/landing-pages/ramos-flores-elegantes-valledupar.html
Búsqueda - Leonela TT - Valledupar,05 | Ramos y Arreglos Florales (Elegantes),ramos de flores en valledupar,Frase,https://floristeriavalledupar.dondeseria.com/landing-pages/ramos-flores-elegantes-valledupar.html
Búsqueda - Leonela TT - Valledupar,05 | Ramos y Arreglos Florales (Elegantes),[ramos de flores valledupar],Exacta,https://floristeriavalledupar.dondeseria.com/landing-pages/ramos-flores-elegantes-valledupar.html
Búsqueda - Leonela TT - Valledupar,05 | Ramos y Arreglos Florales (Elegantes),[arreglos florales valledupar],Exacta,https://floristeriavalledupar.dondeseria.com/landing-pages/ramos-flores-elegantes-valledupar.html
Búsqueda - Leonela TT - Valledupar,05 | Ramos y Arreglos Florales (Elegantes),arreglos florales valledupar,Frase,https://floristeriavalledupar.dondeseria.com/landing-pages/ramos-flores-elegantes-valledupar.html
Búsqueda - Leonela TT - Valledupar,05 | Ramos y Arreglos Florales (Elegantes),arreglos florales en valledupar,Frase,https://floristeriavalledupar.dondeseria.com/landing-pages/ramos-flores-elegantes-valledupar.html
Búsqueda - Leonela TT - Valledupar,05 | Ramos y Arreglos Florales (Elegantes),arreglos florales,Frase,https://floristeriavalledupar.dondeseria.com/landing-pages/ramos-flores-elegantes-valledupar.html
Búsqueda - Leonela TT - Valledupar,05 | Ramos y Arreglos Florales (Elegantes),ramos de flores,Frase,https://floristeriavalledupar.dondeseria.com/landing-pages/ramos-flores-elegantes-valledupar.html
Búsqueda - Leonela TT - Valledupar,05 | Ramos y Arreglos Florales (Elegantes),bouquet de flores,Frase,https://floristeriavalledupar.dondeseria.com/landing-pages/ramos-flores-elegantes-valledupar.html
Búsqueda - Leonela TT - Valledupar,05 | Ramos y Arreglos Florales (Elegantes),ramos valledupar,Frase,https://floristeriavalledupar.dondeseria.com/landing-pages/ramos-flores-elegantes-valledupar.html
Búsqueda - Leonela TT - Valledupar,05 | Ramos y Arreglos Florales (Elegantes),precios de ramos de flores,Frase,https://floristeriavalledupar.dondeseria.com/landing-pages/ramos-flores-elegantes-valledupar.html
Búsqueda - Leonela TT - Valledupar,05 | Ramos y Arreglos Florales (Elegantes),valor de ramos de flores,Frase,https://floristeriavalledupar.dondeseria.com/landing-pages/ramos-flores-elegantes-valledupar.html
Búsqueda - Leonela TT - Valledupar,05 | Ramos y Arreglos Florales (Elegantes),tulipanes valledupar,Frase,https://floristeriavalledupar.dondeseria.com/landing-pages/ramos-flores-elegantes-valledupar.html
Búsqueda - Leonela TT - Valledupar,05 | Ramos y Arreglos Florales (Elegantes),orquideas valledupar,Frase,https://floristeriavalledupar.dondeseria.com/landing-pages/ramos-flores-elegantes-valledupar.html
Búsqueda - Leonela TT - Valledupar,05 | Ramos y Arreglos Florales (Elegantes),lirios valledupar,Frase,https://floristeriavalledupar.dondeseria.com/landing-pages/ramos-flores-elegantes-valledupar.html
Búsqueda - Leonela TT - Valledupar,05 | Ramos y Arreglos Florales (Elegantes),girasoles ramo,Frase,https://floristeriavalledupar.dondeseria.com/landing-pages/ramos-flores-elegantes-valledupar.html
Búsqueda - Leonela TT - Valledupar,05 | Ramos y Arreglos Florales (Elegantes),ramos de tulipanes,Frase,https://floristeriavalledupar.dondeseria.com/landing-pages/ramos-flores-elegantes-valledupar.html
Búsqueda - Leonela TT - Valledupar,05 | Ramos y Arreglos Florales (Elegantes),anchetas valledupar,Frase,https://floristeriavalledupar.dondeseria.com/landing-pages/ramos-flores-elegantes-valledupar.html
Búsqueda - Leonela TT - Valledupar,"06 | Fúnebres (Coronas, Ramos y Velorios)",[arreglos funebres valledupar],Exacta,https://floristeriavalledupar.dondeseria.com/landing-pages/arreglos-funebres-valledupar.html
Búsqueda - Leonela TT - Valledupar,"06 | Fúnebres (Coronas, Ramos y Velorios)",[coronas funebres valledupar],Exacta,https://floristeriavalledupar.dondeseria.com/landing-pages/arreglos-funebres-valledupar.html
Búsqueda - Leonela TT - Valledupar,"06 | Fúnebres (Coronas, Ramos y Velorios)",[ramos funebres valledupar],Exacta,https://floristeriavalledupar.dondeseria.com/landing-pages/arreglos-funebres-valledupar.html
Búsqueda - Leonela TT - Valledupar,"06 | Fúnebres (Coronas, Ramos y Velorios)",[flores para velorio],Exacta,https://floristeriavalledupar.dondeseria.com/landing-pages/arreglos-funebres-valledupar.html
Búsqueda - Leonela TT - Valledupar,"06 | Fúnebres (Coronas, Ramos y Velorios)",arreglos funebres valledupar,Frase,https://floristeriavalledupar.dondeseria.com/landing-pages/arreglos-funebres-valledupar.html
Búsqueda - Leonela TT - Valledupar,"06 | Fúnebres (Coronas, Ramos y Velorios)",arreglos funebres,Frase,https://floristeriavalledupar.dondeseria.com/landing-pages/arreglos-funebres-valledupar.html
Búsqueda - Leonela TT - Valledupar,"06 | Fúnebres (Coronas, Ramos y Velorios)",coronas funebres valledupar,Frase,https://floristeriavalledupar.dondeseria.com/landing-pages/arreglos-funebres-valledupar.html
Búsqueda - Leonela TT - Valledupar,"06 | Fúnebres (Coronas, Ramos y Velorios)",coronas funebres,Frase,https://floristeriavalledupar.dondeseria.com/landing-pages/arreglos-funebres-valledupar.html
Búsqueda - Leonela TT - Valledupar,"06 | Fúnebres (Coronas, Ramos y Velorios)",corona funebre precio,Frase,https://floristeriavalledupar.dondeseria.com/landing-pages/arreglos-funebres-valledupar.html
Búsqueda - Leonela TT - Valledupar,"06 | Fúnebres (Coronas, Ramos y Velorios)",corona funeraria precio,Frase,https://floristeriavalledupar.dondeseria.com/landing-pages/arreglos-funebres-valledupar.html
Búsqueda - Leonela TT - Valledupar,"06 | Fúnebres (Coronas, Ramos y Velorios)",coronas funebres cerca de mi,Frase,https://floristeriavalledupar.dondeseria.com/landing-pages/arreglos-funebres-valledupar.html
Búsqueda - Leonela TT - Valledupar,"06 | Fúnebres (Coronas, Ramos y Velorios)",coronas velorios,Frase,https://floristeriavalledupar.dondeseria.com/landing-pages/arreglos-funebres-valledupar.html
Búsqueda - Leonela TT - Valledupar,"06 | Fúnebres (Coronas, Ramos y Velorios)",cruz funebre,Frase,https://floristeriavalledupar.dondeseria.com/landing-pages/arreglos-funebres-valledupar.html
Búsqueda - Leonela TT - Valledupar,"06 | Fúnebres (Coronas, Ramos y Velorios)",palma funebre,Frase,https://floristeriavalledupar.dondeseria.com/landing-pages/arreglos-funebres-valledupar.html
Búsqueda - Leonela TT - Valledupar,"06 | Fúnebres (Coronas, Ramos y Velorios)",ramos funebres valledupar,Frase,https://floristeriavalledupar.dondeseria.com/landing-pages/arreglos-funebres-valledupar.html
Búsqueda - Leonela TT - Valledupar,"06 | Fúnebres (Coronas, Ramos y Velorios)",ramos funebres,Frase,https://floristeriavalledupar.dondeseria.com/landing-pages/arreglos-funebres-valledupar.html
Búsqueda - Leonela TT - Valledupar,"06 | Fúnebres (Coronas, Ramos y Velorios)",ramo condolencias,Frase,https://floristeriavalledupar.dondeseria.com/landing-pages/arreglos-funebres-valledupar.html
Búsqueda - Leonela TT - Valledupar,"06 | Fúnebres (Coronas, Ramos y Velorios)",flores para velorio,Frase,https://floristeriavalledupar.dondeseria.com/landing-pages/arreglos-funebres-valledupar.html
Búsqueda - Leonela TT - Valledupar,"06 | Fúnebres (Coronas, Ramos y Velorios)",arreglos florales para velorio,Frase,https://floristeriavalledupar.dondeseria.com/landing-pages/arreglos-funebres-valledupar.html
Búsqueda - Leonela TT - Valledupar,"06 | Fúnebres (Coronas, Ramos y Velorios)",arreglos florales para velorio precio,Frase,https://floristeriavalledupar.dondeseria.com/landing-pages/arreglos-funebres-valledupar.html
Búsqueda - Leonela TT - Valledupar,"06 | Fúnebres (Coronas, Ramos y Velorios)",arreglos florales funebres,Frase,https://floristeriavalledupar.dondeseria.com/landing-pages/arreglos-funebres-valledupar.html
Búsqueda - Leonela TT - Valledupar,"06 | Fúnebres (Coronas, Ramos y Velorios)",arreglos florales exequiales,Frase,https://floristeriavalledupar.dondeseria.com/landing-pages/arreglos-funebres-valledupar.html
Búsqueda - Leonela TT - Valledupar,"06 | Fúnebres (Coronas, Ramos y Velorios)",ramos de flores para funeral,Frase,https://floristeriavalledupar.dondeseria.com/landing-pages/arreglos-funebres-valledupar.html
Búsqueda - Leonela TT - Valledupar,"06 | Fúnebres (Coronas, Ramos y Velorios)",flores de funeral,Frase,https://floristeriavalledupar.dondeseria.com/landing-pages/arreglos-funebres-valledupar.html
Búsqueda - Leonela TT - Valledupar,"06 | Fúnebres (Coronas, Ramos y Velorios)",floristerias en valledupar cementerio san camilo,Frase,https://floristeriavalledupar.dondeseria.com/landing-pages/arreglos-funebres-valledupar.html
Búsqueda - Leonela TT - Valledupar,"06 | Fúnebres (Coronas, Ramos y Velorios)",floristeria san camilo valledupar,Frase,https://floristeriavalledupar.dondeseria.com/landing-pages/arreglos-funebres-valledupar.html
Búsqueda - Leonela TT - Valledupar,"06 | Fúnebres (Coronas, Ramos y Velorios)",flores para condolencias,Frase,https://floristeriavalledupar.dondeseria.com/landing-pages/arreglos-funebres-valledupar.html
Búsqueda - Leonela TT - Valledupar,(negativa de campaña),gratis,Frase negativa,
Búsqueda - Leonela TT - Valledupar,(negativa de campaña),empleo,Frase negativa,
Búsqueda - Leonela TT - Valledupar,(negativa de campaña),trabajo,Frase negativa,
Búsqueda - Leonela TT - Valledupar,(negativa de campaña),curso,Frase negativa,
Búsqueda - Leonela TT - Valledupar,(negativa de campaña),como hacer,Frase negativa,
Búsqueda - Leonela TT - Valledupar,(negativa de campaña),diy,Frase negativa,
Búsqueda - Leonela TT - Valledupar,(negativa de campaña),imagenes,Frase negativa,
Búsqueda - Leonela TT - Valledupar,(negativa de campaña),dibujos,Frase negativa,
Búsqueda - Leonela TT - Valledupar,(negativa de campaña),al por mayor,Frase negativa,
Búsqueda - Leonela TT - Valledupar,(negativa de campaña),mayorista,Frase negativa,
Búsqueda - Leonela TT - Valledupar,(negativa de campaña),viveros,Frase negativa,
Búsqueda - Leonela TT - Valledupar,(negativa de campaña),plantas artificiales,Frase negativa,
Búsqueda - Leonela TT - Valledupar,(negativa de campaña),flores artificiales,Frase negativa,
Búsqueda - Leonela TT - Valledupar,(negativa de campaña),semillas,Frase negativa,
Búsqueda - Leonela TT - Valledupar,(negativa de campaña),rappi,Frase negativa,
Búsqueda - Leonela TT - Valledupar,(negativa de campaña),domicilios com,Frase negativa,
Búsqueda - Leonela TT - Valledupar,(negativa de campaña),zabrisky,Frase negativa,
Búsqueda - Leonela TT - Valledupar,(negativa de campaña),floristeria sion,Frase negativa,
Búsqueda - Leonela TT - Valledupar,(negativa de campaña),floristeria liz,Frase negativa,
Búsqueda - Leonela TT - Valledupar,(negativa de campaña),floristeria majo,Frase negativa,
Búsqueda - Leonela TT - Valledupar,(negativa de campaña),floreria orly,Frase negativa,
Búsqueda - Leonela TT - Valledupar,(negativa de campaña),decoarte,Frase negativa,
Búsqueda - Leonela TT - Valledupar,(negativa de campaña),venus mahe,Frase negativa,
Búsqueda - Leonela TT - Valledupar,(negativa de campaña),vegonia,Frase negativa,
Búsqueda - Leonela TT - Valledupar,(negativa de campaña),floristeria primavera,Frase negativa,
Búsqueda - Leonela TT - Valledupar,(negativa de campaña),las margaritas,Frase negativa,
Búsqueda - Leonela TT - Valledupar,(negativa de campaña),floristeria guadalupe,Frase negativa,
Búsqueda - Leonela TT - Valledupar,(negativa de campaña),lovely moments,Frase negativa,
Búsqueda - Leonela TT - Valledupar,(negativa de campaña),floristeria exotica,Frase negativa,
Búsqueda - Leonela TT - Valledupar,(negativa de campaña),orquideas del otun,Frase negativa,
Búsqueda - Leonela TT - Valledupar,(negativa de campaña),floristeria la florida,Frase negativa,
Búsqueda - Leonela TT - Valledupar,(negativa de campaña),armenia,Frase negativa,
Búsqueda - Leonela TT - Valledupar,(negativa de campaña),quindio,Frase negativa,
Búsqueda - Leonela TT - Valledupar,(negativa de campaña),cartago,Frase negativa,
Búsqueda - Leonela TT - Valledupar,(negativa de campaña),valle,Frase negativa,
Búsqueda - Leonela TT - Valledupar,(negativa de campaña),popayan,Frase negativa,
Búsqueda - Leonela TT - Valledupar,(negativa de campaña),manizales,Frase negativa,
Búsqueda - Leonela TT - Valledupar,(negativa de campaña),medellin,Frase negativa,
Búsqueda - Leonela TT - Valledupar,(negativa de campaña),bogota,Frase negativa,
Búsqueda - Leonela TT - Valledupar,(negativa de campaña),cali,Frase negativa,
Búsqueda - Leonela TT - Valledupar,(negativa de campaña),la union,Frase negativa,
Búsqueda - Leonela TT - Valledupar,(negativa de campaña),la virginia,Frase negativa,
Búsqueda - Leonela TT - Valledupar,(negativa de campaña),quimbaya,Frase negativa,
Búsqueda - Leonela TT - Valledupar,(negativa de campaña),chinchina,Frase negativa,
Búsqueda - Leonela TT - Valledupar,(negativa de campaña),calarca,Frase negativa,
Búsqueda - Leonela TT - Valledupar,(negativa de campaña),tulua,Frase negativa,
